longitude,latitude,time
42.4421,-76.487312,13:57:06
42.442086,-76.487275,13:57:07
42.442019,-76.487104,13:57:11
42.441937,-76.48696,13:57:15
42.441901,-76.486921,13:57:16
42.441779,-76.486807,13:57:19
42.441746,-76.486772,13:57:20
42.441682,-76.486704,13:57:22
42.441654,-76.486672,13:57:23
42.441629,-76.486637,13:57:24
42.441602,-76.486604,13:57:25
42.441576,-76.486569,13:57:26
42.44155,-76.486493,13:57:28
42.441548,-76.486458,13:57:29
42.441564,-76.486338,13:57:32
42.441567,-76.486294,13:57:33
42.441567,-76.486065,13:57:38
42.441607,-76.485844,13:57:43
42.441626,-76.48581,13:57:44
42.441548,-76.485682,13:57:47
42.441541,-76.485643,13:57:48
42.441541,-76.485603,13:57:49
42.441543,-76.485568,13:57:50
42.441544,-76.48554,13:57:51
42.441546,-76.485521,13:57:53
42.441564,-76.485482,13:57:57
42.441569,-76.485462,13:57:58
42.441571,-76.48544,13:57:59
42.441572,-76.485418,13:58:00
42.44156,-76.485378,13:58:03
42.441554,-76.485353,13:58:04
42.441554,-76.485231,13:58:08
42.441555,-76.485199,13:58:09
42.441564,-76.485138,13:58:11
42.441584,-76.485025,13:58:14
42.441588,-76.484981,13:58:15
42.441594,-76.484939,13:58:16
42.4416,-76.484857,13:58:18
42.441613,-76.484802,13:58:19
42.441625,-76.484694,13:58:21
42.441702,-76.484544,13:58:24
42.441639,-76.484312,13:58:28
42.44162,-76.484256,13:58:29
42.441579,-76.484024,13:58:33
42.44155,-76.483915,13:58:35
42.441535,-76.483797,13:58:37
42.441504,-76.483648,13:58:40
42.441469,-76.483576,13:58:42
42.441457,-76.483539,13:58:43
42.441435,-76.48346,13:58:45
42.441404,-76.483372,13:58:47
42.441375,-76.48325,13:58:50
42.441368,-76.483206,13:58:51
42.441358,-76.483073,13:58:54
42.441352,-76.483023,13:58:55
42.441334,-76.482881,13:58:58
42.441332,-76.482831,13:58:59
42.441297,-76.482599,13:59:04
42.441289,-76.482554,13:59:05
42.441251,-76.482425,13:59:08
42.441214,-76.482293,13:59:11
42.441187,-76.482163,13:59:14
42.441128,-76.48199,13:59:18
42.441121,-76.481939,13:59:19
42.441073,-76.481705,13:59:24
42.441062,-76.48166,13:59:25
42.441041,-76.481425,13:59:30
42.441037,-76.481377,13:59:31
42.441035,-76.481281,13:59:33
42.441038,-76.481235,13:59:34
42.441047,-76.481042,13:59:38
42.441049,-76.481001,13:59:39
42.44105,-76.480823,13:59:43
42.441065,-76.480646,13:59:47
42.441062,-76.480419,13:59:52
42.441058,-76.480369,13:59:53
42.441058,-76.480123,13:59:58
42.441058,-76.479986,14:00:01
42.441065,-76.47989,14:00:03
42.441068,-76.479642,14:00:08
42.441069,-76.479596,14:00:09
42.441072,-76.479299,14:00:15
42.441074,-76.479247,14:00:16
42.441081,-76.479106,14:00:19
42.441088,-76.478811,14:00:25
42.44109,-76.47876,14:00:26
42.441105,-76.478518,14:00:31
42.441108,-76.478418,14:00:33
42.441101,-76.478324,14:00:35
42.441099,-76.478113,14:00:41
42.4411,-76.47799,14:00:47
42.441101,-76.477961,14:00:49
42.441096,-76.477939,14:00:54
42.441097,-76.477934,14:01:00
42.441096,-76.477934,14:01:05
42.441096,-76.477934,14:01:08
42.441096,-76.477933,14:01:13
42.441089,-76.477837,14:01:16
42.441102,-76.477596,14:01:21
42.441107,-76.477534,14:01:22
42.441119,-76.477352,14:01:25
42.441129,-76.477224,14:01:27
42.441134,-76.476823,14:01:33
42.441144,-76.476758,14:01:34
42.441157,-76.476359,14:01:40
42.441162,-76.47623,14:01:42
42.441188,-76.475994,14:01:46
42.441198,-76.47584,14:01:49
42.441199,-76.475789,14:01:50
42.4412,-76.475641,14:01:53
42.441212,-76.475485,14:01:56
42.441208,-76.475433,14:01:57
42.441209,-76.475284,14:02:00
42.441216,-76.475233,14:02:01
42.441234,-76.475033,14:02:05
42.441243,-76.474931,14:02:07
42.441265,-76.474721,14:02:11
42.441269,-76.474673,14:02:12
42.441279,-76.474538,14:02:15
42.441299,-76.474404,14:02:18
42.441306,-76.474357,14:02:19
42.441304,-76.474223,14:02:22
42.441299,-76.474056,14:02:26
42.441301,-76.474012,14:02:27
42.441301,-76.473969,14:02:28
42.441302,-76.473836,14:02:31
42.441311,-76.473707,14:02:34
42.441316,-76.473622,14:02:36
42.441318,-76.473441,14:02:40
42.441313,-76.473255,14:02:44
42.441316,-76.473069,14:02:48
42.441319,-76.472935,14:02:51
42.441322,-76.47284,14:02:53
42.441323,-76.472659,14:02:57
42.441322,-76.472469,14:03:01
42.441323,-76.472364,14:03:03
42.441329,-76.472008,14:03:10
42.441327,-76.471903,14:03:12
42.441321,-76.471585,14:03:18
42.441319,-76.471478,14:03:20
42.441311,-76.471252,14:03:24
42.441307,-76.471078,14:03:27
42.441292,-76.470969,14:03:29
42.441204,-76.470529,14:03:38
42.44117,-76.470338,14:03:43
42.441174,-76.470288,14:03:45
42.441185,-76.470271,14:03:47
42.441186,-76.470267,14:03:51
42.441193,-76.470269,14:05:28
42.441223,-76.470254,14:05:32
42.441251,-76.470242,14:05:33
42.441413,-76.470208,14:05:37
42.441462,-76.470202,14:05:38
42.441627,-76.470184,14:05:41
42.441687,-76.470176,14:05:42
42.441745,-76.470168,14:05:43
42.441865,-76.47015,14:05:45
42.441978,-76.470118,14:05:47
42.442091,-76.470085,14:05:49
42.442146,-76.470076,14:05:50
42.442195,-76.470068,14:05:51
42.442287,-76.470045,14:05:53
42.442414,-76.470012,14:05:56
42.442475,-76.470005,14:05:58
42.44253,-76.469977,14:06:00
42.442558,-76.469943,14:06:01
42.442587,-76.469895,14:06:02
42.442607,-76.469837,14:06:03
42.442613,-76.469774,14:06:04
42.442603,-76.469639,14:06:06
42.442587,-76.469571,14:06:07
42.442566,-76.469502,14:06:08
42.442454,-76.469105,14:06:13
42.442337,-76.468689,14:06:18
42.442291,-76.468539,14:06:20
42.442204,-76.468238,14:06:25
42.442122,-76.467851,14:06:31
42.442111,-76.467786,14:06:32
42.442062,-76.467576,14:06:35
42.442026,-76.467426,14:06:37
42.44201,-76.467344,14:06:38
42.441935,-76.466838,14:06:44
42.441924,-76.466751,14:06:45
42.441882,-76.466402,14:06:49
42.441865,-76.466226,14:06:51
42.441828,-76.465694,14:06:57
42.441807,-76.465433,14:07:00
42.441777,-76.465003,14:07:05
42.441761,-76.464748,14:07:08
42.441704,-76.46401,14:07:17
42.44169,-76.463748,14:07:20
42.441671,-76.463507,14:07:23
42.441632,-76.462917,14:07:30
42.441605,-76.462589,14:07:34
42.441586,-76.462253,14:07:38
42.441569,-76.462008,14:07:41
42.441539,-76.461608,14:07:46
42.441508,-76.461146,14:07:52
42.441498,-76.460995,14:07:54
42.441503,-76.460595,14:07:59
42.4415,-76.460279,14:08:03
42.441506,-76.459963,14:08:07
42.441506,-76.459646,14:08:11
42.441513,-76.459561,14:08:12
42.441518,-76.459159,14:08:17
42.441526,-76.458763,14:08:22
42.441529,-76.458446,14:08:26
42.441522,-76.458211,14:08:29
42.441523,-76.457896,14:08:33
42.441516,-76.457587,14:08:37
42.441515,-76.457509,14:08:38
42.441517,-76.45681,14:08:47
42.441517,-76.456738,14:08:48
42.441522,-76.456244,14:08:54
42.441523,-76.455992,14:08:57
42.441533,-76.455754,14:09:00
42.441535,-76.455517,14:09:03
42.441528,-76.454892,14:09:11
42.441528,-76.454517,14:09:16
42.441533,-76.454367,14:09:18
42.441529,-76.453988,14:09:23
42.441534,-76.453914,14:09:24
42.441531,-76.453838,14:09:25
42.441527,-76.453689,14:09:27
42.441533,-76.45337,14:09:31
42.441535,-76.453309,14:09:32
42.441537,-76.452856,14:09:38
42.441538,-76.45278,14:09:39
42.441533,-76.452419,14:09:44
42.441539,-76.45227,14:09:46
42.441525,-76.45184,14:09:52
42.441521,-76.451766,14:09:53
42.441516,-76.45169,14:09:54
42.441511,-76.451367,14:09:58
42.441503,-76.451055,14:10:02
42.441499,-76.450904,14:10:04
42.4415,-76.450832,14:10:05
42.441515,-76.450437,14:10:10
42.441521,-76.450113,14:10:14
42.441525,-76.44969,14:10:19
42.441527,-76.449625,14:10:20
42.441531,-76.449192,14:10:26
42.441518,-76.44889,14:10:32
42.441521,-76.448853,14:10:33
42.441568,-76.448735,14:10:36
42.441613,-76.448718,14:10:37
42.441709,-76.448701,14:10:39
42.441862,-76.448719,14:10:42
42.442265,-76.448732,14:10:49
42.442792,-76.448767,14:10:57
42.443383,-76.448818,14:11:06
42.443441,-76.448822,14:11:07
42.443557,-76.448828,14:11:09
42.443674,-76.448834,14:11:11
42.443745,-76.448842,14:11:12
42.443854,-76.448847,14:11:14
42.444151,-76.44886,14:11:19
42.444499,-76.448887,14:11:24
42.445002,-76.44892,14:11:32
42.445335,-76.448938,14:11:37
42.445599,-76.448942,14:11:41
42.445665,-76.448941,14:11:42
42.44612,-76.448955,14:11:49
42.446388,-76.448974,14:11:53
42.446968,-76.449012,14:12:01
42.447441,-76.449054,14:12:07
42.447529,-76.449066,14:12:08
42.448118,-76.449128,14:12:15
42.448465,-76.449161,14:12:19
42.448714,-76.449188,14:12:22
42.448794,-76.449193,14:12:23
42.449114,-76.449217,14:12:27
42.449272,-76.449233,14:12:29
42.449431,-76.449248,14:12:31
42.449964,-76.449296,14:12:38
42.450544,-76.449334,14:12:46
42.450811,-76.449376,14:12:51
42.45091,-76.449384,14:12:53
42.451004,-76.44932,14:12:55
42.451065,-76.449175,14:12:57
42.451127,-76.449003,14:12:59
42.4512,-76.44883,14:13:01
42.451316,-76.448561,14:13:04
42.451397,-76.448394,14:13:06
42.451692,-76.447772,14:13:13
42.451731,-76.447676,14:13:14
42.45185,-76.447403,14:13:17
42.451975,-76.447132,14:13:20
42.452053,-76.446959,14:13:22
42.452096,-76.446871,14:13:23
42.452427,-76.446194,14:13:30
42.452459,-76.446126,14:13:31
42.452536,-76.445975,14:13:33
42.452594,-76.445848,14:13:35
42.45262,-76.44579,14:13:36
42.4527,-76.445604,14:13:39
42.452721,-76.445554,14:13:40
42.452753,-76.44547,14:13:41
42.452806,-76.445346,14:13:43
42.452875,-76.445165,14:13:45
42.452907,-76.445083,14:13:46
42.452944,-76.444987,14:13:47
42.453005,-76.44484,14:13:49
42.453104,-76.444587,14:13:52
42.453149,-76.444411,14:13:54
42.453173,-76.444321,14:13:55
42.453325,-76.443785,14:14:00
42.453347,-76.443705,14:14:01
42.453461,-76.443304,14:14:05
42.45352,-76.443099,14:14:07
42.453572,-76.442901,14:14:09
42.453631,-76.442611,14:14:12
42.453707,-76.442323,14:14:15
42.453733,-76.442227,14:14:16
42.453864,-76.441751,14:14:21
42.453945,-76.441489,14:14:24
42.454007,-76.441312,14:14:26
42.454187,-76.440788,14:14:32
42.454212,-76.440707,14:14:33
42.45429,-76.440481,14:14:36
42.454333,-76.440337,14:14:38
42.454377,-76.440193,14:14:40
42.454438,-76.440003,14:14:43
42.454463,-76.439933,14:14:44
42.45453,-76.439722,14:14:48
42.454632,-76.439426,14:14:53
42.454656,-76.439365,14:14:54
42.454696,-76.439252,14:14:56
42.454784,-76.439008,14:15:01
42.454802,-76.438956,14:15:02
42.45484,-76.438846,14:15:04
42.454863,-76.438789,14:15:05
42.454922,-76.438614,14:15:08
42.454988,-76.438434,14:15:11
42.455082,-76.438131,14:15:16
42.455164,-76.437875,14:15:20
42.455315,-76.437435,14:15:27
42.455562,-76.436837,14:15:36
42.455805,-76.436372,14:15:44
42.455831,-76.436324,14:15:45
42.455842,-76.436218,14:15:47
42.455751,-76.436044,14:15:51
42.455696,-76.435937,14:15:54
42.455662,-76.43586,14:15:56
42.45554,-76.435599,14:16:02
42.455447,-76.435403,14:16:08
42.455398,-76.435296,14:16:12
42.455347,-76.435198,14:16:16
42.455337,-76.435172,14:16:17
42.455311,-76.435088,14:16:20
42.455287,-76.435039,14:16:22
42.455273,-76.435016,14:16:23
42.455241,-76.434939,14:16:26
42.455216,-76.434866,14:16:29
42.455157,-76.43474,14:16:33
42.455128,-76.434642,14:16:36
42.455113,-76.43461,14:16:37
42.455065,-76.434517,14:16:40
42.455037,-76.434459,14:16:42
42.455021,-76.434405,14:16:44
42.455,-76.434339,14:16:46
42.454987,-76.434301,14:16:47
42.454958,-76.434228,14:16:49
42.454934,-76.434162,14:16:51
42.454909,-76.434104,14:16:53
42.454889,-76.434041,14:16:55
42.454847,-76.433935,14:16:59
42.454831,-76.43388,14:17:01
42.454796,-76.433808,14:17:04
42.454793,-76.433792,14:17:05
42.454783,-76.433762,14:17:06
42.454757,-76.43368,14:17:09
42.454708,-76.433574,14:17:13
42.454698,-76.433548,14:17:14
42.454667,-76.433402,14:17:20
42.454636,-76.433232,14:17:27
42.454548,-76.433016,14:17:36
42.454501,-76.432903,14:17:40
42.454469,-76.432823,14:17:43
42.454361,-76.432561,14:17:52
42.45435,-76.432532,14:17:53
42.454252,-76.432248,14:18:02
42.454228,-76.432187,14:18:04
42.454162,-76.432006,14:18:10
42.454092,-76.431815,14:18:16
42.454057,-76.431721,14:18:19
42.454032,-76.431659,14:18:21
42.453988,-76.43154,14:18:25
42.453979,-76.431506,14:18:26
42.453891,-76.431293,14:18:34
42.453871,-76.431245,14:18:36
42.453836,-76.431144,14:18:40
42.453829,-76.43111,14:18:41
42.453811,-76.431048,14:18:43
42.453784,-76.430998,14:18:45
42.453777,-76.430978,14:18:46
42.453766,-76.430956,14:18:47
42.453732,-76.430877,14:18:50
42.453693,-76.430771,14:18:54
42.45369,-76.430748,14:18:55
42.453631,-76.430602,14:19:01
42.453624,-76.430575,14:19:02
42.453583,-76.430465,14:19:06
42.45354,-76.430347,14:19:11
42.453514,-76.430269,14:19:14
42.453464,-76.430148,14:19:19
42.453422,-76.430011,14:19:24
42.453394,-76.429948,14:19:27
42.453363,-76.429891,14:19:30
42.453328,-76.429806,14:19:34
42.453318,-76.429789,14:19:35
42.453288,-76.429694,14:19:39
42.45328,-76.429678,14:19:40
42.453277,-76.429657,14:19:41
42.453245,-76.429573,14:19:45
42.453215,-76.429493,14:19:48
42.453201,-76.429446,14:19:50
42.453184,-76.42937,14:19:53
42.453175,-76.429297,14:19:55
42.453157,-76.429114,14:20:00
42.45315,-76.429059,14:20:02
42.453155,-76.42895,14:20:06
42.453151,-76.42887,14:20:09
42.453156,-76.428825,14:20:11
42.453164,-76.428784,14:20:13
42.453164,-76.428768,14:20:14
42.453174,-76.428651,14:20:18
42.453174,-76.428599,14:20:20
42.453171,-76.428571,14:20:21
42.453168,-76.428473,14:20:25
42.453161,-76.42843,14:20:27
42.453167,-76.428385,14:20:29
42.453162,-76.428285,14:20:33
42.453168,-76.428177,14:20:38
42.453154,-76.42813,14:20:40
42.453151,-76.42807,14:20:42
42.453144,-76.427998,14:20:45
42.453133,-76.427952,14:20:47
42.45313,-76.427928,14:20:48
42.453102,-76.427846,14:20:51
42.453097,-76.427815,14:20:53
42.453097,-76.427787,14:20:54
42.453093,-76.427743,14:20:56
42.453087,-76.427721,14:20:57
42.453062,-76.427679,14:20:59
42.453078,-76.427607,14:21:01
42.453064,-76.427559,14:21:03
42.453041,-76.427505,14:21:05
42.453029,-76.427419,14:21:08
42.453021,-76.427363,14:21:10
42.453019,-76.427334,14:21:11
42.453006,-76.42726,14:21:14
42.453014,-76.427182,14:21:17
42.45301,-76.42716,14:21:18
42.452987,-76.427073,14:21:21
42.452968,-76.426966,14:21:25
42.452967,-76.42691,14:21:28
42.452919,-76.426724,14:21:33
42.452894,-76.426638,14:21:36
42.452888,-76.426579,14:21:38
42.452883,-76.426511,14:21:40
42.452861,-76.426393,14:21:44
42.452857,-76.426365,14:21:45
42.452848,-76.426228,14:21:50
42.452846,-76.426145,14:21:53
42.452849,-76.42602,14:21:57
42.452852,-76.42593,14:22:00
42.452836,-76.425881,14:22:02
42.45285,-76.42577,14:22:06
42.452862,-76.425686,14:22:09
42.452884,-76.425561,14:22:13
42.452898,-76.4255,14:22:15
42.452904,-76.425479,14:22:16
42.45291,-76.425447,14:22:17
42.452924,-76.425353,14:22:20
42.452933,-76.425302,14:22:22
42.452948,-76.425275,14:22:23
42.45296,-76.425208,14:22:25
42.452969,-76.42512,14:22:28
42.452971,-76.425087,14:22:29
42.45297,-76.424988,14:22:32
42.452987,-76.424894,14:22:35
42.452991,-76.424865,14:22:36
42.452996,-76.424704,14:22:41
42.452998,-76.424643,14:22:43
42.453009,-76.424521,14:22:47
42.453014,-76.424456,14:22:49
42.453019,-76.424423,14:22:50
42.453026,-76.424361,14:22:52
42.453033,-76.424334,14:22:53
42.453046,-76.424252,14:22:56
42.453049,-76.42418,14:22:59
42.45307,-76.424069,14:23:03
42.453075,-76.424004,14:23:05
42.453078,-76.423914,14:23:08
42.453101,-76.423823,14:23:12
42.453118,-76.423737,14:23:15
42.453133,-76.42365,14:23:18
42.45314,-76.423606,14:23:20
42.453164,-76.423559,14:23:22
42.453169,-76.423536,14:23:23
42.4532,-76.423399,14:23:28
42.4532,-76.423379,14:23:29
42.453207,-76.423263,14:23:33
42.453219,-76.423182,14:23:36
42.453223,-76.423155,14:23:37
42.453236,-76.42308,14:23:40
42.453241,-76.423031,14:23:42
42.453247,-76.422982,14:23:44
42.453252,-76.422955,14:23:45
42.453264,-76.42287,14:23:48
42.453277,-76.422808,14:23:50
42.45328,-76.422785,14:23:51
42.453296,-76.422737,14:23:53
42.453304,-76.422707,14:23:54
42.453316,-76.422658,14:23:56
42.453333,-76.422537,14:24:01
42.453334,-76.422517,14:24:02
42.453331,-76.422501,14:24:03
42.453329,-76.422493,14:24:04
42.453329,-76.422493,14:24:06
42.453329,-76.422493,14:24:08
42.453329,-76.422493,14:24:09
42.453329,-76.422493,14:24:52
42.453329,-76.422493,14:24:53
42.453334,-76.422478,14:24:57
42.453339,-76.422474,14:24:58
42.453347,-76.42246,14:24:59
42.45337,-76.422394,14:25:02
42.453375,-76.422363,14:25:03
42.453384,-76.422269,14:25:06
42.453405,-76.422191,14:25:09
42.453411,-76.422169,14:25:10
42.453419,-76.422146,14:25:11
42.453427,-76.422122,14:25:12
42.453446,-76.422062,14:25:14
42.453452,-76.422033,14:25:15
42.453455,-76.422005,14:25:16
42.453459,-76.421922,14:25:19
42.453463,-76.421891,14:25:20
42.453475,-76.42183,14:25:22
42.453498,-76.421735,14:25:25
42.453522,-76.421645,14:25:28
42.453528,-76.42156,14:25:31
42.453531,-76.42154,14:25:32
42.453534,-76.421518,14:25:33
42.453555,-76.421411,14:25:37
42.453559,-76.421386,14:25:38
42.453565,-76.421329,14:25:40
42.45358,-76.42128,14:25:42
42.453579,-76.421145,14:25:47
42.453582,-76.421117,14:25:48
42.453613,-76.420944,14:25:54
42.453617,-76.420885,14:25:56
42.453652,-76.420624,14:26:05
42.453667,-76.420532,14:26:08
42.453678,-76.42048,14:26:10
42.453694,-76.420416,14:26:13
42.453694,-76.420408,14:26:18
42.453707,-76.420183,14:30:45
42.453707,-76.420183,14:30:46
42.453708,-76.420138,14:30:48
42.453714,-76.42007,14:30:50
42.453738,-76.419884,14:30:54
42.453761,-76.419484,14:31:03
42.45377,-76.419222,14:31:09
42.45379,-76.418901,14:31:15
42.453808,-76.418663,14:31:19
42.453818,-76.418506,14:31:22
42.453822,-76.418423,14:31:24
42.453834,-76.418231,14:31:28
42.453836,-76.41818,14:31:29
42.453844,-76.418021,14:31:32
42.453857,-76.417727,14:31:38
42.453864,-76.417573,14:31:41
42.453874,-76.417299,14:31:46
42.453883,-76.416986,14:31:52
42.453883,-76.416934,14:31:53
42.453892,-76.416822,14:31:55
42.453904,-76.416542,14:32:00
42.453914,-76.416427,14:32:02
42.45393,-76.416186,14:32:06
42.453933,-76.416007,14:32:09
42.453944,-76.415524,14:32:17
42.453954,-76.415336,14:32:20
42.453975,-76.414902,14:32:26
42.453977,-76.41482,14:32:27
42.453983,-76.414652,14:32:29
42.454001,-76.414232,14:32:34
42.454016,-76.41394,14:32:38
42.454024,-76.413797,14:32:41
42.45404,-76.413427,14:32:45
42.45405,-76.413352,14:32:46
42.454089,-76.412896,14:32:52
42.454094,-76.412808,14:32:53
42.4541,-76.412711,14:32:54
42.45411,-76.412402,14:32:57
42.454114,-76.412174,14:32:59
42.454118,-76.411936,14:33:01
42.454129,-76.411438,14:33:05
42.454132,-76.411315,14:33:06
42.45414,-76.41097,14:33:09
42.454151,-76.410753,14:33:11
42.454157,-76.41055,14:33:13
42.45417,-76.409929,14:33:20
42.454189,-76.409454,14:33:26
42.454193,-76.409307,14:33:28
42.454196,-76.409233,14:33:29
42.454196,-76.409014,14:33:32
42.454203,-76.408794,14:33:35
42.454208,-76.408725,14:33:36
42.454219,-76.408397,14:33:41
42.454221,-76.408226,14:33:44
42.454236,-76.407768,14:33:52
42.454253,-76.407461,14:33:57
42.454264,-76.407179,14:34:01
42.454277,-76.406948,14:34:04
42.45428,-76.406866,14:34:05
42.454284,-76.406783,14:34:06
42.454292,-76.406615,14:34:08
42.454293,-76.406527,14:34:09
42.454298,-76.406357,14:34:11
42.454308,-76.406101,14:34:14
42.454318,-76.405925,14:34:16
42.454342,-76.405398,14:34:21
42.454353,-76.405035,14:34:24
42.45436,-76.404783,14:34:26
42.454363,-76.404657,14:34:27
42.454377,-76.404183,14:34:31
42.454378,-76.404009,14:34:33
42.45438,-76.403846,14:34:35
42.45438,-76.403736,14:34:37
42.45438,-76.403688,14:34:38
42.454378,-76.403605,14:34:40
42.454389,-76.403495,14:34:43
42.454393,-76.403394,14:34:46
42.454393,-76.403289,14:34:49
42.454399,-76.403193,14:34:52
42.454416,-76.403057,14:34:56
42.454417,-76.403025,14:34:57
42.454431,-76.402922,14:35:00
42.454444,-76.402781,14:35:04
42.454458,-76.402673,14:35:07
42.454453,-76.40254,14:35:11
42.454451,-76.402507,14:35:12
42.454449,-76.402403,14:35:15
42.454448,-76.402206,14:35:20
42.454457,-76.40199,14:35:26
42.454458,-76.401924,14:35:28
42.454459,-76.401849,14:35:30
42.454464,-76.401676,14:35:35
42.454467,-76.401614,14:35:37
42.454471,-76.40146,14:35:42
42.454471,-76.401387,14:35:44
42.454473,-76.401315,14:35:46
42.454476,-76.401178,14:35:50
42.454482,-76.401079,14:35:53
42.454483,-76.40101,14:35:55
42.454486,-76.400909,14:35:58
42.454503,-76.400747,14:36:03
42.454501,-76.400712,14:36:04
42.45451,-76.400552,14:36:09
42.454518,-76.400468,14:36:12
42.454521,-76.40044,14:36:13
42.454563,-76.400226,14:36:20
42.454586,-76.400106,14:36:24
42.454618,-76.399961,14:36:29
42.454624,-76.399901,14:36:31
42.454648,-76.399801,14:36:35
42.454667,-76.399748,14:36:37
42.454692,-76.399663,14:36:40
42.454741,-76.399548,14:36:44
42.454776,-76.399456,14:36:47
42.454814,-76.399347,14:36:51
42.454822,-76.399322,14:36:52
42.454868,-76.399192,14:36:57
42.454911,-76.399084,14:37:01
42.454923,-76.399057,14:37:02
42.454974,-76.398934,14:37:07
42.454991,-76.398881,14:37:09
42.455034,-76.39878,14:37:13
42.455061,-76.398703,14:37:16
42.455086,-76.398637,14:37:19
42.455118,-76.398575,14:37:22
42.45513,-76.398549,14:37:23
42.455188,-76.398423,14:37:28
42.45522,-76.39835,14:37:31
42.455256,-76.398271,14:37:34
42.455303,-76.398164,14:37:38
42.455316,-76.398135,14:37:39
42.455386,-76.397964,14:37:45
42.455401,-76.397932,14:37:46
42.455485,-76.397724,14:37:53
42.455498,-76.397697,14:37:54
42.455578,-76.397504,14:38:01
42.455605,-76.397445,14:38:03
42.455618,-76.397414,14:38:04
42.455771,-76.397076,14:38:14
42.455887,-76.396806,14:38:20
42.456019,-76.396516,14:38:25
42.456073,-76.396395,14:38:27
42.456295,-76.395912,14:38:35
42.456349,-76.39579,14:38:37
42.456557,-76.39532,14:38:45
42.456612,-76.395201,14:38:47
42.456701,-76.394996,14:38:50
42.456763,-76.39486,14:38:52
42.456942,-76.394455,14:38:58
42.457032,-76.394248,14:39:01
42.45712,-76.394024,14:39:04
42.457257,-76.393634,14:39:09
42.45742,-76.393158,14:39:15
42.457465,-76.393021,14:39:17
42.457568,-76.392756,14:39:22
42.457587,-76.392713,14:39:23
42.457611,-76.39264,14:39:25
42.45765,-76.392532,14:39:28
42.457664,-76.392496,14:39:29
42.457708,-76.392379,14:39:32
42.457765,-76.392238,14:39:36
42.45779,-76.392167,14:39:38
42.457843,-76.392025,14:39:42
42.457914,-76.391853,14:39:47
42.45799,-76.391646,14:39:53
42.458019,-76.391574,14:39:55
42.458093,-76.39138,14:40:01
42.458105,-76.391349,14:40:02
42.458157,-76.391222,14:40:06
42.458222,-76.391067,14:40:11
42.458232,-76.391035,14:40:12
42.458265,-76.390942,14:40:15
42.458291,-76.390843,14:40:18
42.45834,-76.390644,14:40:24
42.458378,-76.390474,14:40:29
42.458407,-76.390357,14:40:33
42.458421,-76.390256,14:40:36
42.458425,-76.39022,14:40:37
42.458431,-76.390153,14:40:39
42.45844,-76.390085,14:40:41
42.458446,-76.389963,14:40:45
42.458445,-76.389934,14:40:46
42.458447,-76.389913,14:40:47
42.458455,-76.389819,14:40:50
42.458445,-76.389726,14:40:54
42.458444,-76.389704,14:40:55
42.458454,-76.389597,14:40:59
42.458455,-76.389513,14:41:02
42.458458,-76.389464,14:41:04
42.458454,-76.389355,14:41:08
42.458452,-76.389304,14:41:10
42.458454,-76.38928,14:41:11
42.45845,-76.389255,14:41:12
42.458451,-76.389107,14:41:17
42.458451,-76.389077,14:41:18
42.458453,-76.388983,14:41:21
42.458455,-76.38883,14:41:26
42.458455,-76.388796,14:41:27
42.458459,-76.388602,14:41:33
42.45846,-76.388508,14:41:36
42.458459,-76.388421,14:41:39
42.458453,-76.388237,14:41:45
42.458454,-76.388173,14:41:47
42.45846,-76.387994,14:41:53
42.458463,-76.387942,14:41:55
42.458464,-76.387897,14:41:57
42.458472,-76.387743,14:42:03
42.458485,-76.387609,14:42:08
42.458493,-76.387545,14:42:10
42.45849,-76.387477,14:42:12
42.458485,-76.387398,14:42:15
42.458489,-76.387339,14:42:17
42.458488,-76.387308,14:42:18
42.458492,-76.38719,14:42:22
42.458493,-76.387158,14:42:23
42.458503,-76.387039,14:42:28
42.458507,-76.386956,14:42:31
42.458508,-76.386932,14:42:32
42.458509,-76.386804,14:42:37
42.458515,-76.386721,14:42:40
42.458522,-76.386613,14:42:44
42.458522,-76.386591,14:42:45
42.458524,-76.386572,14:42:46
42.458527,-76.386549,14:42:47
42.458526,-76.386482,14:42:50
42.458533,-76.386307,14:42:57
42.458533,-76.386286,14:42:58
42.458541,-76.386152,14:43:03
42.458543,-76.386043,14:43:07
42.458541,-76.386013,14:43:08
42.45854,-76.385982,14:43:09
42.458546,-76.385886,14:43:12
42.458546,-76.38579,14:43:15
42.458547,-76.385729,14:43:17
42.458545,-76.385566,14:43:23
42.458548,-76.385536,14:43:24
42.458554,-76.385439,14:43:27
42.458556,-76.385378,14:43:29
42.458555,-76.385288,14:43:32
42.458544,-76.385102,14:43:38
42.458541,-76.384985,14:43:42
42.458544,-76.384775,14:43:49
42.458545,-76.384742,14:43:50
42.458554,-76.384591,14:43:55
42.45854,-76.384511,14:43:58
42.458527,-76.384485,14:44:02
42.458527,-76.384485,14:44:03
42.458558,-76.384458,14:49:37
42.458558,-76.384458,14:49:38
42.458566,-76.384427,14:49:41
42.458565,-76.384259,14:49:47
42.458565,-76.384242,14:49:52
42.458577,-76.384124,14:49:58
42.458576,-76.383994,14:50:01
42.458582,-76.383874,14:50:03
42.458585,-76.383823,14:50:04
42.4586,-76.383446,14:50:09
42.458606,-76.383354,14:50:10
42.45861,-76.383239,14:50:11
42.45862,-76.383055,14:50:13
42.458623,-76.382808,14:50:15
42.458629,-76.382553,14:50:17
42.458634,-76.382442,14:50:18
42.458642,-76.382153,14:50:20
42.458644,-76.382,14:50:21
42.458648,-76.381809,14:50:22
42.458651,-76.381645,14:50:23
42.458656,-76.381477,14:50:24
42.458664,-76.381305,14:50:25
42.458672,-76.381162,14:50:26
42.458686,-76.380805,14:50:28
42.458701,-76.38021,14:50:31
42.458706,-76.380019,14:50:32
42.458712,-76.379826,14:50:33
42.458716,-76.379634,14:50:34
42.458717,-76.379477,14:50:35
42.458722,-76.379241,14:50:36
42.458725,-76.379081,14:50:37
42.458727,-76.378841,14:50:38
42.458733,-76.378643,14:50:39
42.458739,-76.378445,14:50:40
42.458745,-76.378253,14:50:41
42.458746,-76.377927,14:50:43
42.458744,-76.377346,14:50:47
42.458741,-76.377143,14:50:49
42.458739,-76.37705,14:50:50
42.458742,-76.376962,14:50:51
42.458746,-76.3768,14:50:53
42.458744,-76.376655,14:50:55
42.45874,-76.37659,14:50:56
42.458738,-76.376542,14:50:57
42.458739,-76.376481,14:50:58
42.458748,-76.376317,14:51:01
42.458753,-76.37621,14:51:03
42.458755,-76.376063,14:51:06
42.458757,-76.376016,14:51:07
42.45876,-76.375925,14:51:09
42.458762,-76.375747,14:51:13
42.458762,-76.375646,14:51:16
42.458763,-76.375599,14:51:18
42.45877,-76.375496,14:51:23
42.458773,-76.375454,14:51:25
42.458767,-76.375386,14:51:28
42.458771,-76.375362,14:51:29
42.45878,-76.375246,14:51:33
42.458784,-76.375163,14:51:36
42.45878,-76.375,14:51:42
42.458781,-76.374944,14:51:44
42.458776,-76.374826,14:51:48
42.458773,-76.374685,14:51:53
42.458774,-76.374543,14:51:58
42.458778,-76.37443,14:52:02
42.458781,-76.374311,14:52:06
42.458788,-76.374206,14:52:10
42.458784,-76.374144,14:52:12
42.458781,-76.374117,14:52:13
42.458782,-76.373969,14:52:18
42.458784,-76.37394,14:52:19
42.458794,-76.373812,14:52:23
42.458799,-76.373715,14:52:26
42.458801,-76.373692,14:52:27
42.458805,-76.373479,14:52:34
42.458813,-76.373359,14:52:38
42.458812,-76.373329,14:52:39
42.458814,-76.373143,14:52:45
42.458815,-76.373105,14:52:46
42.458816,-76.373047,14:52:48
42.458816,-76.37298,14:52:50
42.458821,-76.372806,14:52:55
42.458823,-76.372747,14:52:57
42.458823,-76.372621,14:53:01
42.458826,-76.372459,14:53:06
42.458839,-76.372087,14:53:17
42.458837,-76.372055,14:53:18
42.458843,-76.371894,14:53:23
42.458844,-76.371855,14:53:25
42.458853,-76.371614,14:53:31
42.458855,-76.371483,14:53:35
42.45886,-76.371247,14:53:42
42.458858,-76.371098,14:53:46
42.458861,-76.370939,14:53:50
42.458873,-76.370755,14:53:54
42.458877,-76.370423,14:54:01
42.458878,-76.370353,14:54:02
42.45888,-76.370132,14:54:06
42.458882,-76.369958,14:54:09
42.458892,-76.369778,14:54:12
42.458893,-76.369648,14:54:14
42.4589,-76.369414,14:54:17
42.458899,-76.369338,14:54:18
42.458901,-76.369094,14:54:21
42.458906,-76.368881,14:54:23
42.45891,-76.368685,14:54:25
42.458913,-76.368543,14:54:26
42.458916,-76.368416,14:54:27
42.458919,-76.368308,14:54:28
42.458927,-76.368021,14:54:30
42.458937,-76.367721,14:54:32
42.458943,-76.367537,14:54:33
42.458954,-76.367254,14:54:35
42.458964,-76.366943,14:54:37
42.458974,-76.366595,14:54:39
42.458977,-76.366472,14:54:40
42.458983,-76.366287,14:54:41
42.458986,-76.366136,14:54:42
42.45899,-76.365881,14:54:44
42.458999,-76.365623,14:54:46
42.459005,-76.365254,14:54:49
42.459013,-76.364927,14:54:52
42.459021,-76.364712,14:54:54
42.459026,-76.364637,14:54:55
42.459032,-76.364451,14:54:57
42.459023,-76.364361,14:54:58
42.458996,-76.364259,14:54:59
42.458967,-76.364181,14:55:00
42.458935,-76.364122,14:55:01
42.458876,-76.364048,14:55:02
42.458819,-76.364005,14:55:03
42.45877,-76.363983,14:55:04
42.458696,-76.363963,14:55:05
42.4585,-76.363954,14:55:08
42.458197,-76.363951,14:55:12
42.458104,-76.363952,14:55:13
42.458012,-76.363954,14:55:14
42.457508,-76.363961,14:55:20
42.457048,-76.363949,14:55:26
42.456723,-76.363914,14:55:30
42.456478,-76.363863,14:55:33
42.456388,-76.363828,14:55:34
42.456304,-76.363778,14:55:35
42.456222,-76.36371,14:55:36
42.45607,-76.363528,14:55:38
42.455932,-76.36331,14:55:40
42.455879,-76.363219,14:55:41
42.455731,-76.36298,14:55:43
42.455666,-76.362868,14:55:44
42.455542,-76.362657,14:55:46
42.455479,-76.362556,14:55:47
42.455382,-76.362405,14:55:48
42.455286,-76.362254,14:55:50
42.455095,-76.361963,14:55:53
42.454973,-76.361782,14:55:55
42.454855,-76.361588,14:55:57
42.454797,-76.361501,14:55:58
42.454607,-76.361211,14:56:01
42.454463,-76.360973,14:56:04
42.454156,-76.360508,14:56:09
42.454045,-76.360359,14:56:11
42.453909,-76.360182,14:56:14
42.453757,-76.359992,14:56:16
42.453688,-76.359919,14:56:17
42.453588,-76.359832,14:56:19
42.453545,-76.3598,14:56:20
42.453428,-76.359739,14:56:23
42.453394,-76.359711,14:56:24
42.453374,-76.359674,14:56:25
42.453366,-76.359569,14:56:27
42.453394,-76.359471,14:56:29
42.453491,-76.359242,14:56:33
42.453584,-76.359051,14:56:37
42.453636,-76.358961,14:56:39
42.453667,-76.358924,14:56:40
42.453747,-76.358797,14:56:43
42.453901,-76.358599,14:56:48
42.454001,-76.358449,14:56:52
42.454091,-76.358343,14:56:55
42.45425,-76.358187,14:57:00
42.454374,-76.358064,14:57:04
42.454703,-76.357776,14:57:13
42.454967,-76.357538,14:57:19
42.455226,-76.357292,14:57:25
42.455337,-76.357184,14:57:28
42.455621,-76.35692,14:57:36
42.455659,-76.356885,14:57:37
42.455775,-76.356776,14:57:40
42.455963,-76.356595,14:57:45
42.455999,-76.35656,14:57:46
42.456148,-76.356417,14:57:50
42.456258,-76.35631,14:57:53
42.456294,-76.356277,14:57:54
42.456476,-76.356108,14:57:59
42.456613,-76.355982,14:58:03
42.45665,-76.355954,14:58:04
42.456884,-76.355748,14:58:11
42.456921,-76.35572,14:58:12
42.457128,-76.355547,14:58:18
42.457163,-76.355517,14:58:19
42.457198,-76.355484,14:58:20
42.457389,-76.355299,14:58:26
42.457446,-76.355246,14:58:28
42.457545,-76.355158,14:58:31
42.45769,-76.355028,14:58:36
42.457718,-76.355003,14:58:37
42.4578,-76.354939,14:58:40
42.457904,-76.354836,14:58:44
42.457929,-76.354813,14:58:45
42.458062,-76.354686,14:58:50
42.458181,-76.354577,14:58:55
42.458231,-76.35454,14:58:57
42.458303,-76.354477,14:59:00
42.458409,-76.354389,14:59:04
42.458457,-76.354344,14:59:06
42.458533,-76.354285,14:59:09
42.458723,-76.354133,14:59:16
42.458776,-76.354088,14:59:18
42.458878,-76.354004,14:59:22
42.458963,-76.353955,14:59:25
42.459118,-76.35387,14:59:30
42.459248,-76.353799,14:59:34
42.459282,-76.353776,14:59:35
42.459578,-76.353696,14:59:43
42.459703,-76.353685,14:59:46
42.459832,-76.353681,14:59:49
42.459978,-76.353681,14:59:52
42.460183,-76.353689,14:59:56
42.460378,-76.35371,15:00:00
42.460831,-76.353711,15:00:08
42.461139,-76.35371,15:00:13
42.461385,-76.353715,15:00:17
42.461941,-76.353723,15:00:26
42.462484,-76.353755,15:00:34
42.462621,-76.353765,15:00:36
42.463196,-76.353797,15:00:44
42.463364,-76.353807,15:00:46
42.463572,-76.353811,15:00:48
42.463756,-76.353823,15:00:50
42.464011,-76.353833,15:00:52
42.464135,-76.353837,15:00:53
42.464239,-76.353839,15:00:54
42.46437,-76.353847,15:00:55
42.464505,-76.353855,15:00:56
42.464783,-76.353869,15:00:58
42.464926,-76.353877,15:00:59
42.465212,-76.353897,15:01:01
42.465354,-76.353907,15:01:02
42.46568,-76.353922,15:01:04
42.465804,-76.353926,15:01:05
42.465959,-76.35393,15:01:06
42.466141,-76.353938,15:01:07
42.46626,-76.353945,15:01:08
42.46641,-76.353957,15:01:09
42.466587,-76.353973,15:01:10
42.466706,-76.35398,15:01:11
42.466857,-76.353984,15:01:12
42.467162,-76.354,15:01:14
42.467316,-76.354006,15:01:15
42.467653,-76.354029,15:01:17
42.467809,-76.354044,15:01:18
42.467965,-76.354058,15:01:19
42.468123,-76.354069,15:01:20
42.468284,-76.354078,15:01:21
42.46848,-76.354088,15:01:22
42.468643,-76.354097,15:01:23
42.468803,-76.354107,15:01:24
42.468903,-76.354112,15:01:25
42.469003,-76.354117,15:01:26
42.469203,-76.354127,15:01:27
42.469404,-76.354137,15:01:28
42.469563,-76.354142,15:01:29
42.469687,-76.354153,15:01:30
42.469874,-76.354165,15:01:31
42.470209,-76.354185,15:01:33
42.47036,-76.354192,15:01:34
42.470478,-76.354198,15:01:36
42.470668,-76.354215,15:01:37
42.471049,-76.354248,15:01:39
42.471191,-76.354261,15:01:40
42.471472,-76.354286,15:01:42
42.471727,-76.35432,15:01:44
42.472016,-76.354346,15:01:46
42.472313,-76.354377,15:01:48
42.472465,-76.35438,15:01:49
42.472621,-76.354382,15:01:50
42.472777,-76.354385,15:01:51
42.472894,-76.354389,15:01:52
42.473011,-76.354393,15:01:53
42.473245,-76.354401,15:01:54
42.473393,-76.354408,15:01:55
42.473536,-76.354414,15:01:56
42.473677,-76.354424,15:01:57
42.473812,-76.354444,15:01:58
42.473975,-76.354474,15:02:00
42.474359,-76.354527,15:02:02
42.474504,-76.354529,15:02:03
42.474818,-76.354544,15:02:05
42.474921,-76.35455,15:02:06
42.475023,-76.354556,15:02:07
42.475229,-76.354568,15:02:08
42.475498,-76.35457,15:02:10
42.475786,-76.354574,15:02:12
42.475858,-76.354578,15:02:13
42.47593,-76.354581,15:02:14
42.476075,-76.354587,15:02:15
42.47622,-76.354593,15:02:16
42.476343,-76.354585,15:02:17
42.476464,-76.354579,15:02:18
42.476704,-76.354585,15:02:20
42.476942,-76.354578,15:02:22
42.477187,-76.354572,15:02:24
42.47734,-76.354567,15:02:25
42.477437,-76.354564,15:02:26
42.477679,-76.354548,15:02:28
42.4778,-76.354533,15:02:29
42.478036,-76.35451,15:02:31
42.478273,-76.354491,15:02:33
42.478632,-76.354454,15:02:36
42.479044,-76.354385,15:02:40
42.479397,-76.354382,15:02:43
42.479645,-76.354397,15:02:45
42.479864,-76.354409,15:02:47
42.47995,-76.354414,15:02:48
42.48008,-76.354426,15:02:49
42.480296,-76.354458,15:02:51
42.480725,-76.354543,15:02:55
42.481154,-76.354622,15:02:59
42.481471,-76.354664,15:03:02
42.48166,-76.354681,15:03:04
42.481994,-76.354695,15:03:07
42.482524,-76.354725,15:03:12
42.48274,-76.354742,15:03:14
42.482849,-76.354747,15:03:15
42.482956,-76.354752,15:03:16
42.483063,-76.354754,15:03:17
42.483259,-76.354762,15:03:19
42.483603,-76.354776,15:03:22
42.483712,-76.354782,15:03:23
42.483928,-76.354792,15:03:25
42.484126,-76.354802,15:03:27
42.484416,-76.35482,15:03:30
42.484649,-76.354839,15:03:33
42.484858,-76.354859,15:03:36
42.484916,-76.354859,15:03:37
42.485012,-76.354827,15:03:39
42.485051,-76.354787,15:03:40
42.485079,-76.354742,15:03:41
42.485123,-76.354585,15:03:43
42.485158,-76.354351,15:03:46
42.485227,-76.353943,15:03:51
42.485329,-76.3534,15:03:57
42.485368,-76.35321,15:03:59
42.485404,-76.353017,15:04:01
42.485541,-76.352328,15:04:08
42.485699,-76.351552,15:04:16
42.485737,-76.351354,15:04:18
42.485807,-76.350981,15:04:22
42.485885,-76.350601,15:04:26
42.485934,-76.350355,15:04:29
42.485993,-76.35006,15:04:33
42.486009,-76.349968,15:04:34
42.486038,-76.349817,15:04:36
42.486091,-76.349605,15:04:39
42.486218,-76.348889,15:04:49
42.486342,-76.348241,15:04:58
42.486358,-76.348158,15:04:59
42.486461,-76.347615,15:05:07
42.486482,-76.347475,15:05:09
42.486493,-76.347406,15:05:10
42.486589,-76.346851,15:05:18
42.486613,-76.346691,15:05:20
42.486681,-76.346359,15:05:25
42.486716,-76.346171,15:05:28
42.486814,-76.345608,15:05:37
42.486857,-76.345379,15:05:41
42.48689,-76.345125,15:05:45
42.486893,-76.345065,15:05:46
42.486927,-76.344793,15:05:50
42.486951,-76.344457,15:05:55
42.486973,-76.344141,15:06:00
42.48698,-76.343895,15:06:04
42.486983,-76.343713,15:06:07
42.486956,-76.3434,15:06:13
42.486885,-76.343342,15:06:15
42.486845,-76.343332,15:06:16
42.486701,-76.343319,15:06:20
42.486642,-76.343316,15:06:22
42.486607,-76.343325,15:06:24
42.486603,-76.343329,15:06:26
42.486603,-76.343329,15:06:29
42.486592,-76.34333,15:08:45
42.486592,-76.34333,15:08:46
42.486577,-76.343328,15:08:49
42.486565,-76.343325,15:08:50
42.48655,-76.343321,15:08:51
42.486502,-76.343318,15:08:53
42.486451,-76.343317,15:08:55
42.486378,-76.343317,15:08:58
42.486305,-76.343311,15:09:01
42.486274,-76.343313,15:09:02
42.486251,-76.343313,15:09:03
42.486161,-76.343303,15:09:06
42.485971,-76.343293,15:09:12
42.485908,-76.343292,15:09:14
42.485808,-76.343287,15:09:17
42.48567,-76.343281,15:09:21
42.485608,-76.343283,15:09:23
42.48549,-76.343278,15:09:27
42.485457,-76.343277,15:09:28
42.485207,-76.343264,15:09:36
42.48501,-76.34325,15:09:42
42.484912,-76.343245,15:09:45
42.484826,-76.343246,15:09:48
42.484629,-76.343233,15:09:54
42.484595,-76.343233,15:09:55
42.484466,-76.343221,15:09:59
42.484297,-76.343216,15:10:04
42.484264,-76.343213,15:10:05
42.484085,-76.343197,15:10:10
42.483959,-76.343188,15:10:14
42.483927,-76.343185,15:10:15
42.483803,-76.343181,15:10:19
42.483631,-76.343169,15:10:24
42.483433,-76.343159,15:10:30
42.48335,-76.343159,15:10:33
42.483196,-76.343145,15:10:38
42.483163,-76.343141,15:10:39
42.483027,-76.343133,15:10:44
42.48297,-76.343133,15:10:46
42.482852,-76.343118,15:10:50
42.482758,-76.343121,15:10:54
42.482735,-76.343123,15:10:55
42.482589,-76.343118,15:11:01
42.482519,-76.343115,15:11:04
42.482442,-76.343111,15:11:07
42.482305,-76.343109,15:11:13
42.482282,-76.343108,15:11:14
42.4822,-76.343099,15:11:17
42.482071,-76.343082,15:11:22
42.482038,-76.343074,15:11:23
42.481875,-76.343069,15:11:29
42.481816,-76.343068,15:11:31
42.48176,-76.343061,15:11:33
42.481676,-76.343021,15:11:37
42.481645,-76.342973,15:11:39
42.481617,-76.342865,15:11:42
42.481617,-76.342688,15:11:45
42.481621,-76.342617,15:11:46
42.481627,-76.342463,15:11:48
42.481627,-76.342384,15:11:49
42.481628,-76.342305,15:11:50
42.481629,-76.342168,15:11:52
42.481631,-76.342008,15:11:54
42.481651,-76.341483,15:12:01
42.481659,-76.341185,15:12:05
42.481668,-76.341035,15:12:07
42.481683,-76.340732,15:12:11
42.481703,-76.340443,15:12:15
42.481707,-76.340303,15:12:17
42.481729,-76.339811,15:12:24
42.48173,-76.339544,15:12:28
42.48175,-76.339192,15:12:33
42.481758,-76.33886,15:12:38
42.481766,-76.338657,15:12:41
42.481775,-76.338334,15:12:46
42.481784,-76.33808,15:12:50
42.481791,-76.337887,15:12:53
42.481795,-76.337546,15:12:59
42.481793,-76.337421,15:13:01
42.481804,-76.33729,15:13:03
42.481809,-76.337023,15:13:07
42.481808,-76.336955,15:13:08
42.48183,-76.336551,15:13:14
42.481833,-76.336485,15:13:15
42.481857,-76.335903,15:13:24
42.481873,-76.335534,15:13:30
42.481884,-76.335427,15:13:32
42.481895,-76.335224,15:13:36
42.481898,-76.335159,15:13:37
42.481912,-76.334786,15:13:42
42.48193,-76.334593,15:13:45
42.481976,-76.334198,15:13:51
42.482055,-76.33359,15:14:00
42.482062,-76.333519,15:14:01
42.482097,-76.333073,15:14:07
42.482126,-76.33265,15:14:13
42.482137,-76.332442,15:14:16
42.48216,-76.331968,15:14:23
42.482166,-76.331837,15:14:25
42.482161,-76.331633,15:14:28
42.482174,-76.33137,15:14:32
42.482181,-76.331242,15:14:34
42.482211,-76.330654,15:14:43
42.482214,-76.330583,15:14:44
42.482224,-76.330379,15:14:47
42.482229,-76.330312,15:14:48
42.482238,-76.330109,15:14:51
42.482246,-76.329977,15:14:53
42.482264,-76.329581,15:14:59
42.482294,-76.32891,15:15:09
42.482301,-76.328788,15:15:11
42.482316,-76.328378,15:15:18
42.48233,-76.328218,15:15:21
42.48235,-76.327955,15:15:26
42.48235,-76.327909,15:15:27
42.48235,-76.32781,15:15:29
42.482288,-76.327561,15:15:35
42.482241,-76.327483,15:15:39
42.482233,-76.327468,15:15:40
42.482163,-76.327283,15:15:47
42.482114,-76.327083,15:15:52
42.482067,-76.326669,15:16:00
42.482062,-76.326614,15:16:01
42.482023,-76.32618,15:16:10
42.481962,-76.325891,15:16:16
42.481825,-76.325681,15:16:22
42.481689,-76.325616,15:16:27
42.481639,-76.325611,15:16:29
42.48159,-76.325605,15:16:31
42.481537,-76.325602,15:16:33
42.481454,-76.325592,15:16:36
42.481291,-76.325574,15:16:42
42.481249,-76.325571,15:16:44
42.481098,-76.32556,15:16:50
42.481048,-76.325557,15:16:52
42.480916,-76.325551,15:16:57
42.480866,-76.325548,15:16:59
42.480781,-76.325541,15:17:02
42.480727,-76.325542,15:17:04
42.480556,-76.32554,15:17:11
42.480502,-76.325535,15:17:13
42.48043,-76.325534,15:17:16
42.48036,-76.325537,15:17:19
42.480163,-76.325527,15:17:27
42.480114,-76.325522,15:17:29
42.480065,-76.325516,15:17:31
42.479962,-76.325504,15:17:35
42.479861,-76.3255,15:17:39
42.479773,-76.325487,15:17:42
42.479645,-76.325483,15:17:47
42.479597,-76.325485,15:17:49
42.479554,-76.325481,15:17:51
42.479484,-76.325473,15:17:54
42.47946,-76.325468,15:17:55
42.479418,-76.325455,15:17:57
42.479292,-76.325456,15:18:02
42.479175,-76.325444,15:18:07
42.479124,-76.325445,15:18:09
42.479061,-76.32545,15:18:12
42.478969,-76.325441,15:18:16
42.478946,-76.325442,15:18:17
42.478828,-76.325438,15:18:22
42.478723,-76.325433,15:18:26
42.478699,-76.325433,15:18:27
42.478568,-76.325425,15:18:33
42.47848,-76.325414,15:18:37
42.478458,-76.325413,15:18:38
42.478296,-76.325397,15:18:45
42.478255,-76.325396,15:18:47
42.478219,-76.325394,15:18:49
42.478115,-76.325397,15:18:54
42.478093,-76.325394,15:18:55
42.477993,-76.325375,15:19:00
42.477962,-76.325375,15:19:02
42.477949,-76.325377,15:19:03
42.477908,-76.325375,15:19:05
42.4778,-76.325371,15:19:10
42.477737,-76.32537,15:19:13
42.477696,-76.325369,15:19:15
42.477675,-76.325371,15:19:16
42.477618,-76.325369,15:19:19
42.477599,-76.32537,15:19:20
42.477485,-76.325364,15:19:26
42.477463,-76.325362,15:19:27
42.477358,-76.325354,15:19:32
42.477291,-76.325343,15:19:35
42.477199,-76.325329,15:19:39
42.477138,-76.325319,15:19:44
42.477138,-76.325319,15:19:45
42.477135,-76.325315,15:22:05
42.477135,-76.325315,15:22:06
42.477085,-76.325304,15:22:10
42.477013,-76.325268,15:22:14
42.476946,-76.325253,15:22:17
42.476862,-76.325233,15:22:21
42.476794,-76.325218,15:22:24
42.476724,-76.325195,15:22:27
42.476531,-76.325125,15:22:35
42.476435,-76.325084,15:22:39
42.476371,-76.325051,15:22:42
42.476321,-76.325033,15:22:44
42.476254,-76.325011,15:22:47
42.476182,-76.324982,15:22:50
42.47616,-76.324975,15:22:51
42.476094,-76.324951,15:22:54
42.476028,-76.324917,15:22:57
42.475985,-76.324905,15:22:59
42.47596,-76.324892,15:23:00
42.475905,-76.324878,15:23:03
42.475858,-76.324859,15:23:05
42.47581,-76.324838,15:23:07
42.475716,-76.32479,15:23:11
42.475641,-76.324761,15:23:14
42.475618,-76.324755,15:23:15
42.475513,-76.324732,15:23:20
42.47549,-76.32472,15:23:21
42.475438,-76.3247,15:23:24
42.475357,-76.324658,15:23:28
42.475298,-76.324637,15:23:31
42.475277,-76.324631,15:23:32
42.475213,-76.324601,15:23:36
42.475131,-76.324554,15:23:41
42.475092,-76.324532,15:23:43
42.475055,-76.324512,15:23:45
42.475004,-76.324486,15:23:48
42.474986,-76.324475,15:23:49
42.474934,-76.32444,15:23:52
42.474865,-76.324396,15:23:56
42.474793,-76.324359,15:24:00
42.474714,-76.324338,15:24:04
42.474615,-76.324306,15:24:09
42.474592,-76.324292,15:24:10
42.474539,-76.324261,15:24:13
42.474466,-76.324234,15:24:18
42.474387,-76.324208,15:24:23
42.474355,-76.324202,15:24:25
42.474338,-76.324198,15:24:26
42.474322,-76.324193,15:24:27
42.474249,-76.324167,15:24:31
42.474159,-76.324138,15:24:36
42.47414,-76.324134,15:24:37
42.474033,-76.324099,15:24:43
42.474011,-76.32409,15:24:44
42.473909,-76.324055,15:24:49
42.473845,-76.324029,15:24:52
42.473806,-76.324012,15:24:54
42.473675,-76.323946,15:25:01
42.473634,-76.323926,15:25:03
42.47357,-76.323891,15:25:06
42.473467,-76.323833,15:25:11
42.473445,-76.323821,15:25:12
42.473409,-76.323793,15:25:14
42.473345,-76.323758,15:25:18
42.473306,-76.323732,15:25:20
42.473252,-76.323697,15:25:23
42.473204,-76.323667,15:25:26
42.473184,-76.323656,15:25:27
42.473124,-76.323616,15:25:30
42.473065,-76.323575,15:25:33
42.47299,-76.323518,15:25:37
42.472969,-76.323503,15:25:38
42.472855,-76.323425,15:25:44
42.472837,-76.323413,15:25:45
42.472808,-76.323382,15:25:47
42.47278,-76.323353,15:25:49
42.472705,-76.323296,15:25:53
42.472679,-76.323277,15:25:54
42.472609,-76.323209,15:25:58
42.472592,-76.323196,15:25:59
42.472574,-76.323186,15:26:00
42.472507,-76.323138,15:26:03
42.472456,-76.323099,15:26:06
42.472373,-76.323029,15:26:11
42.472361,-76.32301,15:26:12
42.472351,-76.32299,15:26:13
42.472322,-76.322955,15:26:15
42.472228,-76.32291,15:26:19
42.472158,-76.322852,15:26:23
42.472067,-76.32281,15:26:27
42.472044,-76.322799,15:26:28
42.471958,-76.322733,15:26:33
42.471893,-76.322687,15:26:36
42.471834,-76.322639,15:26:39
42.471727,-76.322548,15:26:44
42.471684,-76.322516,15:26:46
42.471614,-76.322452,15:26:49
42.471569,-76.322411,15:26:51
42.471518,-76.322368,15:26:53
42.471415,-76.322301,15:26:58
42.471366,-76.322264,15:27:00
42.471247,-76.322178,15:27:05
42.471153,-76.32211,15:27:09
42.471078,-76.32206,15:27:12
42.470936,-76.321949,15:27:18
42.470673,-76.321787,15:27:27
42.47058,-76.321725,15:27:30
42.470497,-76.321661,15:27:33
42.470469,-76.321637,15:27:34
42.470343,-76.321542,15:27:39
42.470314,-76.321518,15:27:40
42.470202,-76.321434,15:27:44
42.47011,-76.321364,15:27:47
42.469841,-76.321183,15:27:55
42.469655,-76.321042,15:28:00
42.469569,-76.320976,15:28:02
42.469434,-76.320878,15:28:05
42.469311,-76.320789,15:28:08
42.469273,-76.320762,15:28:09
42.469234,-76.320732,15:28:10
42.469196,-76.320703,15:28:11
42.469157,-76.320673,15:28:12
42.468989,-76.320552,15:28:16
42.4689,-76.320488,15:28:18
42.468601,-76.320294,15:28:24
42.468441,-76.32018,15:28:27
42.468336,-76.320112,15:28:29
42.468241,-76.320045,15:28:31
42.468094,-76.319948,15:28:34
42.468046,-76.319918,15:28:35
42.467901,-76.319819,15:28:38
42.467846,-76.319787,15:28:39
42.467793,-76.319758,15:28:40
42.46753,-76.319605,15:28:45
42.467305,-76.319479,15:28:49
42.467243,-76.319445,15:28:50
42.467113,-76.319384,15:28:52
42.466831,-76.319246,15:28:56
42.466763,-76.319216,15:28:57
42.466634,-76.319155,15:28:59
42.466499,-76.319098,15:29:01
42.466143,-76.318975,15:29:06
42.466073,-76.318951,15:29:07
42.465924,-76.318904,15:29:09
42.465765,-76.318862,15:29:11
42.465518,-76.318798,15:29:14
42.46527,-76.318744,15:29:17
42.465099,-76.318712,15:29:19
42.464841,-76.318658,15:29:22
42.464752,-76.318644,15:29:23
42.464493,-76.318612,15:29:26
42.464322,-76.318602,15:29:28
42.464237,-76.318596,15:29:29
42.463824,-76.318586,15:29:34
42.463578,-76.318603,15:29:37
42.463321,-76.318613,15:29:40
42.46288,-76.318623,15:29:45
42.462692,-76.318633,15:29:47
42.462551,-76.318641,15:29:49
42.462307,-76.318641,15:29:52
42.462064,-76.318633,15:29:55
42.461581,-76.318625,15:30:01
42.461416,-76.31862,15:30:03
42.461333,-76.318615,15:30:04
42.461174,-76.318605,15:30:06
42.461011,-76.318599,15:30:08
42.460931,-76.318597,15:30:09
42.46036,-76.318562,15:30:16
42.460193,-76.318556,15:30:18
42.46011,-76.31855,15:30:19
42.459524,-76.318508,15:30:26
42.459442,-76.318502,15:30:27
42.459193,-76.318482,15:30:30
42.458859,-76.318453,15:30:34
42.458608,-76.318424,15:30:37
42.458521,-76.318416,15:30:38
42.458242,-76.31839,15:30:41
42.458053,-76.318378,15:30:43
42.457773,-76.318354,15:30:46
42.457498,-76.318328,15:30:49
42.45741,-76.318321,15:30:50
42.457232,-76.318304,15:30:52
42.456976,-76.318281,15:30:55
42.456809,-76.318263,15:30:57
42.456556,-76.318236,15:31:00
42.456302,-76.318205,15:31:03
42.456045,-76.31818,15:31:06
42.455785,-76.318157,15:31:09
42.455532,-76.318136,15:31:12
42.455125,-76.31809,15:31:17
42.454808,-76.318062,15:31:21
42.454434,-76.31803,15:31:26
42.454216,-76.318002,15:31:29
42.453867,-76.317968,15:31:34
42.453731,-76.31795,15:31:36
42.453401,-76.317922,15:31:41
42.45285,-76.317874,15:31:49
42.452782,-76.317866,15:31:50
42.452448,-76.317834,15:31:55
42.452177,-76.317809,15:31:59
42.451967,-76.317788,15:32:02
42.451457,-76.317737,15:32:10
42.45099,-76.317677,15:32:18
42.450677,-76.317608,15:32:24
42.45058,-76.317581,15:32:26
42.450219,-76.317464,15:32:32
42.449811,-76.317311,15:32:39
42.449389,-76.317143,15:32:46
42.449328,-76.317119,15:32:47
42.448779,-76.316889,15:32:56
42.448716,-76.316862,15:32:57
42.448275,-76.316665,15:33:04
42.448036,-76.316554,15:33:08
42.447851,-76.316473,15:33:11
42.447502,-76.316291,15:33:17
42.447321,-76.316182,15:33:20
42.446826,-76.31586,15:33:28
42.446769,-76.315821,15:33:29
42.446669,-76.315751,15:33:31
42.446401,-76.315579,15:33:36
42.446227,-76.315458,15:33:40
42.446156,-76.315415,15:33:42
42.446123,-76.315393,15:33:43
42.446089,-76.315371,15:33:44
42.445961,-76.3153,15:33:48
42.445859,-76.315233,15:33:51
42.445712,-76.315142,15:33:55
42.445567,-76.315049,15:33:59
42.445499,-76.31501,15:34:01
42.445308,-76.314886,15:34:07
42.445236,-76.314839,15:34:09
42.444989,-76.314698,15:34:16
42.444913,-76.314653,15:34:18
42.444802,-76.314585,15:34:21
42.444581,-76.314448,15:34:27
42.44454,-76.314427,15:34:28
42.444186,-76.314244,15:34:36
42.444131,-76.314217,15:34:37
42.444075,-76.314194,15:34:38
42.443882,-76.314124,15:34:41
42.443811,-76.31411,15:34:42
42.443653,-76.314086,15:34:44
42.443479,-76.314077,15:34:46
42.443187,-76.314083,15:34:49
42.443081,-76.314095,15:34:50
42.44297,-76.314107,15:34:51
42.442741,-76.31415,15:34:53
42.442615,-76.314179,15:34:54
42.442494,-76.314213,15:34:55
42.442373,-76.314253,15:34:56
42.442248,-76.3143,15:34:57
42.442131,-76.314355,15:34:58
42.442015,-76.314424,15:34:59
42.441906,-76.314503,15:35:00
42.441703,-76.314671,15:35:02
42.441422,-76.314922,15:35:05
42.441335,-76.315004,15:35:06
42.441171,-76.315164,15:35:08
42.440937,-76.315392,15:35:11
42.440859,-76.315461,15:35:12
42.440555,-76.315748,15:35:16
42.440411,-76.31589,15:35:18
42.440338,-76.315955,15:35:19
42.439835,-76.316406,15:35:26
42.439411,-76.316783,15:35:32
42.439294,-76.316892,15:35:34
42.439138,-76.317028,15:35:37
42.438839,-76.317301,15:35:41
42.438367,-76.317732,15:35:48
42.438231,-76.317866,15:35:50
42.437755,-76.318313,15:35:57
42.43761,-76.318442,15:36:00
42.437352,-76.318655,15:36:03
42.437155,-76.318836,15:36:06
42.436658,-76.319303,15:36:13
42.436538,-76.319426,15:36:15
42.436157,-76.319907,15:36:21
42.436104,-76.319994,15:36:22
42.435767,-76.320575,15:36:29
42.435714,-76.320669,15:36:30
42.435629,-76.320825,15:36:32
42.435506,-76.321036,15:36:35
42.435375,-76.321255,15:36:38
42.435249,-76.321474,15:36:41
42.435089,-76.321757,15:36:45
42.43493,-76.322048,15:36:49
42.434852,-76.322178,15:36:51
42.434632,-76.322573,15:36:57
42.434588,-76.322658,15:36:58
42.434308,-76.323132,15:37:05
42.434166,-76.323324,15:37:08
42.434107,-76.323406,15:37:09
42.433727,-76.32391,15:37:17
42.433486,-76.324198,15:37:22
42.43339,-76.324302,15:37:24
42.433341,-76.324355,15:37:25
42.433198,-76.324523,15:37:28
42.43306,-76.324693,15:37:31
42.432979,-76.324809,15:37:33
42.432942,-76.324866,15:37:34
42.432817,-76.325089,15:37:38
42.432687,-76.325401,15:37:44
42.432666,-76.325448,15:37:45
42.432538,-76.325764,15:37:52
42.432446,-76.325982,15:37:57
42.432399,-76.32612,15:38:00
42.432334,-76.326297,15:38:04
42.432314,-76.326341,15:38:05
42.432256,-76.326527,15:38:09
42.432197,-76.326692,15:38:13
42.432174,-76.326773,15:38:15
42.432152,-76.326905,15:38:18
42.432097,-76.327125,15:38:23
42.432037,-76.327355,15:38:28
42.431989,-76.327536,15:38:32
42.431953,-76.327661,15:38:35
42.43187,-76.327923,15:38:41
42.431843,-76.328015,15:38:43
42.431811,-76.328096,15:38:45
42.431735,-76.328258,15:38:49
42.431672,-76.328383,15:38:52
42.431652,-76.328427,15:38:53
42.43147,-76.328818,15:39:01
42.431383,-76.329005,15:39:04
42.431293,-76.329204,15:39:07
42.430977,-76.329845,15:39:17
42.430828,-76.33013,15:39:21
42.430744,-76.330289,15:39:23
42.430657,-76.330466,15:39:25
42.430521,-76.330732,15:39:28
42.430476,-76.330822,15:39:29
42.430254,-76.331316,15:39:34
42.43021,-76.331423,15:39:35
42.429952,-76.332087,15:39:41
42.429909,-76.332199,15:39:42
42.429779,-76.332532,15:39:45
42.429694,-76.332757,15:39:47
42.429569,-76.333086,15:39:50
42.429526,-76.333196,15:39:51
42.429438,-76.333414,15:39:53
42.429265,-76.333864,15:39:57
42.429138,-76.334206,15:40:00
42.429094,-76.334319,15:40:01
42.428843,-76.334989,15:40:07
42.428801,-76.33509,15:40:08
42.428724,-76.335291,15:40:10
42.428648,-76.335492,15:40:12
42.428469,-76.335893,15:40:16
42.428136,-76.33643,15:40:22
42.427874,-76.33679,15:40:27
42.427779,-76.336911,15:40:29
42.427648,-76.337079,15:40:32
42.427605,-76.337136,15:40:33
42.427521,-76.337246,15:40:35
42.427451,-76.337335,15:40:37
42.427359,-76.337458,15:40:40
42.427207,-76.337638,15:40:44
42.427165,-76.337688,15:40:45
42.426981,-76.337907,15:40:49
42.426756,-76.338163,15:40:53
42.426692,-76.33823,15:40:54
42.426628,-76.338297,15:40:55
42.42656,-76.338361,15:40:56
42.426488,-76.338419,15:40:57
42.426417,-76.33848,15:40:58
42.426347,-76.338541,15:40:59
42.426202,-76.338659,15:41:01
42.425992,-76.338832,15:41:04
42.425916,-76.338884,15:41:05
42.425845,-76.338938,15:41:06
42.425775,-76.338987,15:41:07
42.425634,-76.339077,15:41:09
42.425439,-76.339194,15:41:12
42.42534,-76.339246,15:41:14
42.425285,-76.339288,15:41:15
42.425253,-76.339323,15:41:16
42.425217,-76.339383,15:41:17
42.425191,-76.339536,15:41:19
42.425228,-76.339663,15:41:21
42.425255,-76.339724,15:41:22
42.425277,-76.339783,15:41:23
42.425306,-76.339914,15:41:25
42.425323,-76.340082,15:41:27
42.425345,-76.34049,15:41:31
42.425358,-76.340601,15:41:32
42.42538,-76.340837,15:41:34
42.425406,-76.341175,15:41:37
42.425379,-76.341874,15:41:43
42.425254,-76.342397,15:41:48
42.425114,-76.342759,15:41:52
42.425075,-76.342836,15:41:53
42.425038,-76.34291,15:41:54
42.425001,-76.342979,15:41:55
42.424887,-76.343174,15:41:58
42.424811,-76.343301,15:42:00
42.424675,-76.343481,15:42:03
42.424626,-76.343536,15:42:04
42.42448,-76.3437,15:42:07
42.42429,-76.34392,15:42:11
42.424242,-76.343973,15:42:12
42.424159,-76.34409,15:42:14
42.424124,-76.34415,15:42:15
42.424019,-76.344363,15:42:19
42.424006,-76.344408,15:42:20
42.42398,-76.344525,15:42:23
42.423938,-76.34467,15:42:27
42.423922,-76.344744,15:42:29
42.423916,-76.344777,15:42:30
42.423901,-76.344875,15:42:33
42.423884,-76.344947,15:42:35
42.423878,-76.344986,15:42:36
42.423857,-76.345137,15:42:40
42.423858,-76.345177,15:42:41
42.423857,-76.345287,15:42:44
42.423843,-76.345436,15:42:48
42.423834,-76.345562,15:42:52
42.423828,-76.345671,15:42:55
42.42382,-76.345827,15:42:59
42.423816,-76.345906,15:43:01
42.423815,-76.345937,15:43:02
42.4238,-76.346081,15:43:06
42.423794,-76.346146,15:43:08
42.423771,-76.346282,15:43:12
42.423743,-76.346419,15:43:16
42.423731,-76.346455,15:43:17
42.423683,-76.346601,15:43:21
42.42364,-76.346726,15:43:24
42.423603,-76.346821,15:43:26
42.423494,-76.347032,15:43:30
42.423327,-76.347329,15:43:35
42.423257,-76.347452,15:43:37
42.423221,-76.347513,15:43:38
42.42299,-76.347923,15:43:45
42.422855,-76.348164,15:43:49
42.422667,-76.348477,15:43:54
42.422337,-76.349082,15:44:03
42.422267,-76.349225,15:44:05
42.422235,-76.349295,15:44:06
42.422094,-76.349704,15:44:11
42.422052,-76.349878,15:44:13
42.421976,-76.350318,15:44:18
42.421955,-76.350491,15:44:20
42.421911,-76.35092,15:44:25
42.421885,-76.351232,15:44:29
42.421866,-76.351372,15:44:31
42.421832,-76.351641,15:44:35
42.421813,-76.351776,15:44:37
42.421782,-76.352118,15:44:42
42.421773,-76.352257,15:44:44
42.421769,-76.352645,15:44:50
42.421769,-76.35271,15:44:51
42.421766,-76.352844,15:44:53
42.421753,-76.353234,15:45:00
42.421752,-76.353277,15:45:01
42.421754,-76.353405,15:45:04
42.421754,-76.353532,15:45:07
42.421754,-76.353579,15:45:08
42.421757,-76.353717,15:45:11
42.421752,-76.35376,15:45:12
42.42175,-76.353846,15:45:14
42.421739,-76.354021,15:45:18
42.421735,-76.354127,15:45:20
42.421731,-76.354329,15:45:24
42.421711,-76.354513,15:45:28
42.421698,-76.35455,15:45:29
42.421594,-76.354806,15:45:35
42.421572,-76.35485,15:45:36
42.421485,-76.35506,15:45:41
42.421449,-76.355142,15:45:43
42.4214,-76.355289,15:45:46
42.421364,-76.355448,15:45:49
42.421337,-76.355542,15:45:51
42.421314,-76.355641,15:45:53
42.42127,-76.355905,15:45:57
42.421245,-76.356161,15:46:00
42.421233,-76.35637,15:46:02
42.421239,-76.356619,15:46:04
42.421255,-76.356754,15:46:05
42.421277,-76.356892,15:46:06
42.421313,-76.357033,15:46:07
42.421357,-76.357173,15:46:08
42.421411,-76.357312,15:46:09
42.42147,-76.357446,15:46:10
42.421535,-76.357582,15:46:11
42.42171,-76.357944,15:46:14
42.421837,-76.358213,15:46:16
42.422105,-76.358704,15:46:21
42.422318,-76.35914,15:46:26
42.422508,-76.35961,15:46:31
42.422543,-76.359711,15:46:32
42.422627,-76.360043,15:46:35
42.422686,-76.360268,15:46:37
42.422824,-76.360831,15:46:42
42.42287,-76.361057,15:46:44
42.422986,-76.361624,15:46:49
42.423076,-76.361964,15:46:52
42.423156,-76.36232,15:46:55
42.423183,-76.362444,15:46:56
42.423207,-76.362573,15:46:57
42.423219,-76.362702,15:46:58
42.423221,-76.362828,15:46:59
42.423212,-76.362947,15:47:00
42.423197,-76.363066,15:47:01
42.423129,-76.363426,15:47:04
42.423025,-76.363911,15:47:08
42.422971,-76.364164,15:47:10
42.42289,-76.364416,15:47:12
42.4228,-76.364697,15:47:14
42.422754,-76.364854,15:47:15
42.422705,-76.365014,15:47:16
42.422654,-76.36518,15:47:17
42.422599,-76.36535,15:47:18
42.422545,-76.365527,15:47:19
42.422487,-76.365706,15:47:20
42.422421,-76.365888,15:47:21
42.422353,-76.366074,15:47:22
42.422276,-76.366259,15:47:23
42.422194,-76.366446,15:47:24
42.422107,-76.366628,15:47:25
42.422012,-76.366805,15:47:26
42.421911,-76.366971,15:47:27
42.421809,-76.367132,15:47:28
42.421603,-76.367449,15:47:30
42.421496,-76.367609,15:47:31
42.421386,-76.367763,15:47:32
42.421277,-76.367913,15:47:33
42.421073,-76.368225,15:47:35
42.42096,-76.368375,15:47:36
42.420845,-76.368527,15:47:37
42.420722,-76.368679,15:47:38
42.42062,-76.368802,15:47:39
42.420483,-76.368994,15:47:40
42.420377,-76.369159,15:47:41
42.420277,-76.369325,15:47:42
42.420187,-76.369494,15:47:43
42.420103,-76.369663,15:47:44
42.419949,-76.369972,15:47:46
42.41981,-76.370234,15:47:48
42.419701,-76.370501,15:47:50
42.41966,-76.370644,15:47:51
42.41963,-76.370802,15:47:52
42.41961,-76.371144,15:47:54
42.419605,-76.371319,15:47:55
42.419597,-76.371502,15:47:56
42.419592,-76.371692,15:47:57
42.419588,-76.372057,15:47:59
42.41959,-76.372228,15:48:00
42.419592,-76.372389,15:48:01
42.419596,-76.372549,15:48:02
42.419596,-76.372844,15:48:04
42.419598,-76.373127,15:48:06
42.419586,-76.373401,15:48:08
42.419582,-76.373526,15:48:09
42.419578,-76.373639,15:48:10
42.419569,-76.37374,15:48:11
42.41956,-76.373828,15:48:12
42.419548,-76.373881,15:48:13
42.419538,-76.373935,15:48:14
42.419519,-76.374138,15:48:19
42.419521,-76.374155,15:48:24
42.419515,-76.374152,15:50:03
42.419515,-76.374152,15:50:04
42.419523,-76.374219,15:50:08
42.419533,-76.374237,15:50:09
42.41961,-76.374315,15:50:13
42.419725,-76.374408,15:50:17
42.419765,-76.374442,15:50:18
42.419809,-76.37448,15:50:19
42.420002,-76.374653,15:50:23
42.42006,-76.374698,15:50:24
42.420116,-76.374745,15:50:25
42.420564,-76.375137,15:50:33
42.420624,-76.37519,15:50:34
42.421017,-76.375563,15:50:40
42.421087,-76.375627,15:50:41
42.421375,-76.375894,15:50:45
42.421574,-76.376078,15:50:48
42.421767,-76.376254,15:50:51
42.421831,-76.376308,15:50:52
42.422153,-76.376607,15:50:57
42.422287,-76.376723,15:50:59
42.422621,-76.377015,15:51:04
42.42276,-76.377131,15:51:06
42.422934,-76.377286,15:51:09
42.42298,-76.377326,15:51:10
42.423022,-76.377363,15:51:11
42.423136,-76.377466,15:51:15
42.423169,-76.377506,15:51:18
42.423211,-76.377547,15:52:40
42.42334,-76.377686,15:52:45
42.423381,-76.377737,15:52:46
42.423418,-76.377783,15:52:47
42.423586,-76.377999,15:52:51
42.423631,-76.378066,15:52:52
42.423798,-76.378394,15:52:56
42.423971,-76.378903,15:53:01
42.424129,-76.379559,15:53:07
42.424158,-76.379666,15:53:08
42.424247,-76.379976,15:53:11
42.424329,-76.380162,15:53:13
42.424591,-76.380572,15:53:18
42.424716,-76.380728,15:53:20
42.425019,-76.381093,15:53:25
42.425074,-76.38116,15:53:26
42.42527,-76.381396,15:53:30
42.425313,-76.38146,15:53:31
42.425377,-76.381619,15:53:33
42.425394,-76.38169,15:53:34
42.425463,-76.382128,15:53:38
42.425472,-76.382243,15:53:39
42.425497,-76.382623,15:53:42
42.425511,-76.382896,15:53:44
42.425527,-76.383189,15:53:46
42.425531,-76.38334,15:53:47
42.425544,-76.383637,15:53:49
42.425551,-76.383784,15:53:50
42.425557,-76.383929,15:53:51
42.425573,-76.384216,15:53:53
42.425603,-76.384883,15:53:58
42.42563,-76.385386,15:54:02
42.425644,-76.385618,15:54:04
42.425661,-76.385935,15:54:07
42.425666,-76.386033,15:54:08
42.425672,-76.386133,15:54:09
42.425682,-76.386313,15:54:11
42.425684,-76.386397,15:54:12
42.425689,-76.386644,15:54:15
42.425692,-76.386723,15:54:16
42.4257,-76.386958,15:54:19
42.425698,-76.387447,15:54:25
42.425694,-76.387678,15:54:28
42.425699,-76.388023,15:54:33
42.4257,-76.388083,15:54:34
42.425706,-76.388297,15:54:38
42.425708,-76.38835,15:54:39
42.425714,-76.388458,15:54:41
42.425725,-76.388654,15:54:45
42.425728,-76.3887,15:54:46
42.425737,-76.388796,15:54:48
42.425746,-76.388976,15:54:52
42.425748,-76.389057,15:54:54
42.425761,-76.389171,15:54:57
42.42577,-76.389308,15:55:01
42.425774,-76.389344,15:55:02
42.425789,-76.389446,15:55:05
42.425802,-76.389551,15:55:08
42.425817,-76.389621,15:55:10
42.425827,-76.389687,15:55:12
42.425841,-76.389761,15:55:14
42.425874,-76.389904,15:55:18
42.425897,-76.389966,15:55:20
42.425935,-76.390112,15:55:24
42.42599,-76.390289,15:55:29
42.426035,-76.390436,15:55:33
42.426097,-76.390604,15:55:37
42.426238,-76.390915,15:55:44
42.426328,-76.391136,15:55:49
42.426351,-76.391187,15:55:50
42.426452,-76.391422,15:55:54
42.426506,-76.391552,15:55:56
42.426653,-76.391885,15:56:01
42.426822,-76.392329,15:56:07
42.426973,-76.392892,15:56:14
42.427055,-76.393223,15:56:18
42.427079,-76.393311,15:56:19
42.427167,-76.393582,15:56:22
42.42731,-76.393937,15:56:26
42.427415,-76.394179,15:56:29
42.427485,-76.394325,15:56:31
42.427518,-76.394394,15:56:32
42.427582,-76.394533,15:56:34
42.427611,-76.394603,15:56:35
42.427692,-76.394803,15:56:38
42.427779,-76.395117,15:56:42
42.42781,-76.395273,15:56:44
42.427834,-76.39565,15:56:49
42.42783,-76.395797,15:56:51
42.427825,-76.396,15:56:54
42.427821,-76.396199,15:56:57
42.427809,-76.396408,15:57:00
42.4278,-76.39673,15:57:05
42.427784,-76.396915,15:57:08
42.427762,-76.397162,15:57:12
42.427755,-76.397223,15:57:13
42.427749,-76.39727,15:57:14
42.427738,-76.397632,15:57:20
42.427733,-76.397747,15:57:22
42.42772,-76.398141,15:57:29
42.427719,-76.398182,15:57:30
42.427714,-76.398394,15:57:34
42.427706,-76.398637,15:57:39
42.427696,-76.398908,15:57:44
42.427692,-76.399109,15:57:48
42.427691,-76.399156,15:57:49
42.427678,-76.399459,15:57:55
42.427674,-76.399563,15:57:57
42.427665,-76.399929,15:58:04
42.427661,-76.400077,15:58:07
42.427661,-76.400127,15:58:08
42.427653,-76.400231,15:58:10
42.42764,-76.400377,15:58:13
42.427617,-76.400554,15:58:17
42.42761,-76.400707,15:58:20
42.42759,-76.401018,15:58:26
42.427587,-76.401058,15:58:27
42.427565,-76.401323,15:58:32
42.427546,-76.401423,15:58:34
42.427541,-76.401756,15:58:40
42.427537,-76.401856,15:58:42
42.427525,-76.402085,15:58:46
42.427514,-76.402315,15:58:50
42.427509,-76.402376,15:58:51
42.427494,-76.402831,15:58:58
42.427489,-76.402901,15:58:59
42.427482,-76.40311,15:59:02
42.427468,-76.403467,15:59:07
42.427459,-76.403772,15:59:11
42.42746,-76.403924,15:59:13
42.427458,-76.40408,15:59:15
42.427458,-76.404159,15:59:16
42.427458,-76.40424,15:59:17
42.427462,-76.4044,15:59:19
42.427464,-76.404921,15:59:26
42.427462,-76.405013,15:59:27
42.427461,-76.40509,15:59:28
42.427454,-76.405878,15:59:38
42.427443,-76.406628,15:59:47
42.427426,-76.407061,15:59:52
42.427414,-76.407213,15:59:54
42.427392,-76.407738,16:00:01
42.427342,-76.4083,16:00:08
42.42733,-76.408388,16:00:09
42.427299,-76.408764,16:00:13
42.427292,-76.408863,16:00:14
42.427245,-76.409352,16:00:19
42.427237,-76.409434,16:00:20
42.427243,-76.410086,16:00:26
42.427286,-76.410692,16:00:32
42.42731,-76.41094,16:00:34
42.427322,-76.411054,16:00:35
42.427355,-76.411294,16:00:37
42.427375,-76.411412,16:00:38
42.427449,-76.41178,16:00:41
42.427522,-76.412152,16:00:44
42.427594,-76.412529,16:00:47
42.42762,-76.412657,16:00:48
42.427696,-76.413031,16:00:51
42.427788,-76.413479,16:00:54
42.427815,-76.413617,16:00:55
42.427845,-76.413755,16:00:56
42.427903,-76.414036,16:00:58
42.42799,-76.414472,16:01:01
42.428044,-76.414763,16:01:03
42.428124,-76.415221,16:01:06
42.428188,-76.415504,16:01:08
42.428258,-76.415775,16:01:10
42.428356,-76.416269,16:01:14
42.428543,-76.417082,16:01:21
42.428569,-76.417193,16:01:22
42.42859,-76.417282,16:01:23
42.428772,-76.418074,16:01:30
42.428795,-76.418183,16:01:31
42.428918,-76.418731,16:01:36
42.42902,-76.419186,16:01:40
42.429196,-76.419983,16:01:47
42.429228,-76.420122,16:01:48
42.42931,-76.420476,16:01:51
42.429405,-76.42091,16:01:55
42.429459,-76.421165,16:01:57
42.429607,-76.42189,16:02:03
42.429679,-76.422228,16:02:06
42.429711,-76.422376,16:02:07
42.429828,-76.422963,16:02:12
42.429859,-76.423109,16:02:13
42.429988,-76.423738,16:02:18
42.430079,-76.424223,16:02:22
42.43021,-76.424908,16:02:28
42.430348,-76.425656,16:02:34
42.430433,-76.4261,16:02:38
42.430568,-76.426807,16:02:44
42.430652,-76.427182,16:02:47
42.430775,-76.427776,16:02:52
42.430819,-76.428013,16:02:54
42.430838,-76.428125,16:02:55
42.430874,-76.428646,16:03:00
42.430878,-76.429426,16:03:07
42.430867,-76.429844,16:03:11
42.43085,-76.430645,16:03:18
42.430833,-76.431426,16:03:25
42.430824,-76.431643,16:03:27
42.430814,-76.432424,16:03:34
42.430808,-76.432748,16:03:37
42.430815,-76.433258,16:03:41
42.430818,-76.433391,16:03:42
42.430837,-76.433662,16:03:44
42.430877,-76.434166,16:03:48
42.430886,-76.434283,16:03:49
42.43091,-76.434509,16:03:51
42.43094,-76.434732,16:03:53
42.430971,-76.434954,16:03:55
42.431031,-76.435421,16:03:59
42.431079,-76.435753,16:04:02
42.431101,-76.435891,16:04:03
42.431116,-76.435983,16:04:04
42.431225,-76.436701,16:04:10
42.431234,-76.436793,16:04:11
42.431265,-76.437012,16:04:13
42.431395,-76.437809,16:04:20
42.431411,-76.437898,16:04:21
42.431437,-76.438035,16:04:23
42.43154,-76.43862,16:04:27
42.431624,-76.439093,16:04:31
42.431704,-76.439543,16:04:35
42.431722,-76.439649,16:04:36
42.431776,-76.43997,16:04:39
42.431855,-76.440414,16:04:43
42.431945,-76.440943,16:04:48
42.431999,-76.441272,16:04:51
42.432146,-76.442078,16:04:59
42.432165,-76.442174,16:05:00
42.432185,-76.442271,16:05:01
42.432289,-76.442861,16:05:07
42.432346,-76.443148,16:05:10
42.43242,-76.443628,16:05:15
42.432448,-76.443809,16:05:17
42.432487,-76.444067,16:05:20
42.432537,-76.444344,16:05:23
42.432581,-76.44462,16:05:26
42.43266,-76.4452,16:05:33
42.432684,-76.445388,16:05:35
42.432768,-76.445952,16:05:41
42.432813,-76.446236,16:05:44
42.432907,-76.446794,16:05:51
42.432924,-76.446891,16:05:52
42.432967,-76.447136,16:05:55
42.433042,-76.447576,16:06:00
42.433096,-76.447847,16:06:03
42.433112,-76.44794,16:06:04
42.433197,-76.448421,16:06:09
42.433216,-76.448527,16:06:10
42.433281,-76.448833,16:06:13
42.433374,-76.449292,16:06:17
42.433394,-76.4494,16:06:18
42.433484,-76.449831,16:06:22
42.433549,-76.450163,16:06:25
42.433614,-76.4505,16:06:28
42.433633,-76.450613,16:06:29
42.433692,-76.450963,16:06:32
42.433734,-76.451184,16:06:34
42.433786,-76.451465,16:06:36
42.433806,-76.451568,16:06:37
42.433857,-76.451852,16:06:39
42.433933,-76.452256,16:06:42
42.433984,-76.452538,16:06:44
42.434007,-76.452682,16:06:45
42.434086,-76.453097,16:06:48
42.43415,-76.453423,16:06:50
42.434211,-76.453727,16:06:52
42.434265,-76.454019,16:06:54
42.434313,-76.454281,16:06:56
42.434398,-76.45475,16:06:59
42.434452,-76.455048,16:07:01
42.434481,-76.455198,16:07:02
42.43454,-76.455504,16:07:04
42.434599,-76.455815,16:07:06
42.434658,-76.456132,16:07:08
42.434712,-76.456412,16:07:10
42.434747,-76.456599,16:07:11
42.434777,-76.456758,16:07:12
42.434836,-76.457071,16:07:14
42.434889,-76.45735,16:07:16
42.434952,-76.457683,16:07:18
42.43501,-76.457974,16:07:20
42.435037,-76.458119,16:07:21
42.43513,-76.458651,16:07:25
42.435189,-76.458953,16:07:27
42.435294,-76.459495,16:07:31
42.43535,-76.459756,16:07:33
42.435373,-76.459885,16:07:34
42.435396,-76.46001,16:07:35
42.435461,-76.460354,16:07:38
42.435559,-76.460858,16:07:42
42.435602,-76.461084,16:07:44
42.435752,-76.461882,16:07:51
42.435793,-76.46208,16:07:53
42.435939,-76.462766,16:07:59
42.435961,-76.462863,16:08:00
42.436015,-76.463131,16:08:02
42.436107,-76.463582,16:08:06
42.436162,-76.463824,16:08:08
42.436247,-76.464159,16:08:12
42.436309,-76.464372,16:08:15
42.436339,-76.464446,16:08:16
42.436379,-76.464516,16:08:17
42.436432,-76.464577,16:08:18
42.436574,-76.464667,16:08:20
42.436992,-76.464851,16:08:25
42.437245,-76.464969,16:08:28
42.437571,-76.465126,16:08:32
42.438084,-76.465343,16:08:39
42.438498,-76.465522,16:08:45
42.439049,-76.465753,16:08:53
42.439174,-76.465819,16:08:55
42.439294,-76.465877,16:08:57
42.439524,-76.465978,16:09:01
42.439842,-76.46617,16:09:07
42.440079,-76.466309,16:09:12
42.440118,-76.466357,16:09:13
42.440136,-76.466408,16:09:14
42.440147,-76.466488,16:09:15
42.440137,-76.466544,16:09:16
42.440115,-76.466636,16:09:17
42.440027,-76.466956,16:09:21
42.439994,-76.467395,16:09:27
42.439994,-76.467528,16:09:29
42.440007,-76.467719,16:09:32
42.440032,-76.467864,16:09:34
42.440069,-76.468015,16:09:36
42.440143,-76.468245,16:09:39
42.440204,-76.468389,16:09:41
42.44035,-76.468666,16:09:45
42.440611,-76.469175,16:09:52
42.44065,-76.469249,16:09:53
42.440763,-76.469469,16:09:56
42.440876,-76.469675,16:09:59
42.440981,-76.469883,16:10:02
42.441047,-76.470014,16:10:04
42.441222,-76.470416,16:10:10
42.441245,-76.470486,16:10:11
42.441353,-76.470918,16:10:17
42.441377,-76.471071,16:10:19
42.441392,-76.47171,16:10:27
42.44138,-76.472156,16:10:32
42.441376,-76.472436,16:10:35
42.441376,-76.472536,16:10:36
42.441377,-76.472953,16:10:40
42.441376,-76.473066,16:10:41
42.441377,-76.473307,16:10:43
42.441372,-76.473559,16:10:45
42.441369,-76.473691,16:10:46
42.441368,-76.4738,16:10:47
42.441359,-76.474105,16:10:49
42.441346,-76.474358,16:10:51
42.44134,-76.47453,16:10:52
42.44133,-76.474679,16:10:53
42.441301,-76.474985,16:10:55
42.441286,-76.475135,16:10:56
42.441274,-76.475285,16:10:57
42.441256,-76.475585,16:10:59
42.441251,-76.475886,16:11:01
42.441246,-76.476034,16:11:02
42.441237,-76.476322,16:11:04
42.441228,-76.476578,16:11:06
42.441217,-76.476926,16:11:09
42.441213,-76.477034,16:11:10
42.44122,-76.477166,16:11:12
42.441222,-76.477334,16:11:16
42.441222,-76.477452,16:11:21
42.441217,-76.477628,16:11:25
42.441197,-76.477841,16:11:28
42.441177,-76.477995,16:11:30
42.441169,-76.478157,16:11:32
42.441158,-76.478412,16:11:35
42.441143,-76.478585,16:11:37
42.44113,-76.478871,16:11:40
42.441131,-76.479176,16:11:43
42.441135,-76.479378,16:11:45
42.441146,-76.479817,16:11:49
42.441144,-76.480041,16:11:51
42.441131,-76.480482,16:11:55
42.441118,-76.480725,16:11:57
42.441109,-76.480824,16:11:58
42.441104,-76.481154,16:12:01
42.441101,-76.481267,16:12:02
42.441099,-76.481377,16:12:03
42.441102,-76.481568,16:12:05
42.441115,-76.481773,16:12:07
42.441127,-76.48189,16:12:08
42.441169,-76.482078,16:12:10
42.44125,-76.482404,16:12:14
42.44131,-76.482662,16:12:17
42.441386,-76.482941,16:12:20
42.441404,-76.483009,16:12:21
42.441472,-76.483274,16:12:24
42.441539,-76.483536,16:12:27
42.441589,-76.483727,16:12:29
42.441654,-76.48402,16:12:32
42.441672,-76.484217,16:12:34
42.441674,-76.484401,16:12:36
42.441668,-76.484563,16:12:38
42.441659,-76.484633,16:12:39
42.441659,-76.484752,16:12:41
42.441661,-76.484797,16:12:42
42.441655,-76.484862,16:12:44
42.441637,-76.484913,16:12:46
42.441625,-76.484969,16:12:51
42.441628,-76.484976,16:12:59
42.441634,-76.485045,16:13:04
42.441634,-76.485072,16:13:05
42.441634,-76.485293,16:13:10
42.441631,-76.485415,16:13:12
42.441624,-76.485565,16:13:14
42.441621,-76.48574,16:13:16
42.441626,-76.486092,16:13:20
42.441628,-76.486184,16:13:21
42.441656,-76.486457,16:13:24
42.441672,-76.486518,16:13:25
42.441699,-76.486581,16:13:26
42.441743,-76.486629,16:13:27
42.441799,-76.486676,16:13:28
42.441928,-76.486812,16:13:30
42.442017,-76.486946,16:13:32
42.442068,-76.487013,16:13:33
42.442117,-76.487083,16:13:34
42.442183,-76.487205,16:13:36
42.442214,-76.487374,16:13:39
42.442217,-76.487411,16:13:40
42.442231,-76.487458,16:13:42
42.442236,-76.487476,16:13:44
42.44231,-76.487528,16:13:49
42.442384,-76.487548,16:13:53
42.442402,-76.487603,16:13:55
42.442414,-76.487834,16:14:00
42.442403,-76.487913,16:14:02
42.442378,-76.487982,16:14:04
42.442353,-76.488029,16:14:06
42.44234,-76.488036,16:14:07
42.442336,-76.488038,16:14:09
